Date;Whole Network;Integrity;(DIGIS2) DL Traffic Volume (GBytes);(DIGIS2) UL Traffic Volume (GBytes);L.Traffic.ActiveUser.Avg;L.Traffic.ActiveUser.DL.Avg
2019-09-17;Whole Network;100%;6745.8787;1124.4681;NIL;135.5537
2019-09-18;Whole Network;100%;7059.8912;1120.9587;NIL;143.3555
2019-09-19;Whole Network;100%;6973.2411;1088.1399;NIL;150.5461
2019-09-20;Whole Network;100%;7304.3743;1136.7255;NIL;154.7979
2019-09-21;Whole Network;100%;7438.8374;1173.9458;NIL;152.8193
2019-09-22;Whole Network;100%;7020.8009;1148.8249;NIL;138.9605
2019-09-23;Whole Network;100%;6590.5301;1134.5921;NIL;134.3693
2019-09-24;Whole Network;100%;7081.5919;1120.9345;NIL;148.251
2019-09-25;Whole Network;100%;6997.978;1147.9674;NIL;145.3098
2019-09-26;Whole Network;100%;7180.4789;1156.7316;NIL;150.7827
2019-09-27;Whole Network;99%;7074.9483;1160.7751;NIL;145.4776
2019-09-28;Whole Network;100%;7652.4306;1233.3999;NIL;168.8895
2019-09-29;Whole Network;100%;7464.1767;1165.0255;NIL;157.5625
2019-09-30;Whole Network;99%;6778.7231;1073.9218;NIL;147.4118
2019-10-01;Whole Network;100%;7618.6197;1206.6718;NIL;171.3353
2019-10-02;Whole Network;99%;7732.2209;1262.3147;NIL;174.0145
2019-10-03;Whole Network;100%;7707.2664;1314.2332;NIL;181.3107
2019-10-04;Whole Network;100%;7952.6919;1317.2697;NIL;185.0632
2019-10-05;Whole Network;100%;8332.8315;1398.4599;NIL;202.5664
2019-10-06;Whole Network;99%;8282.5219;1398.7714;NIL;199.7438
2019-10-07;Whole Network;100%;7876.8021;1265.9711;NIL;188.0023
2019-10-08;Whole Network;98%;8082.5201;1276.9559;NIL;201.5443
2019-10-09;Whole Network;100%;8412.6689;1324.1946;NIL;206.4981
2019-10-10;Whole Network;100%;8317.0925;1316.8653;NIL;206.3115
2019-10-11;Whole Network;100%;8546.8553;1377.3198;NIL;208.5134
2019-10-12;Whole Network;99%;8158.9028;1335.8791;NIL;186.0534
2019-10-13;Whole Network;100%;8745.7128;1463.3082;NIL;216.7135
2019-10-14;Whole Network;99%;7859.7294;1272.1131;NIL;184.0697
2019-10-15;Whole Network;99%;8021.4799;1284.5326;NIL;199.1237
2019-10-16;Whole Network;98%;8404.2691;1325.9799;NIL;216.4125
2019-10-17;Whole Network;100%;8738.1581;1334.1652;NIL;221.683
2019-10-18;Whole Network;100%;8690.5885;1329.1727;NIL;221.5109
2019-10-19;Whole Network;100%;8867.8462;1431.0166;NIL;226.0611
2019-10-20;Whole Network;100%;8920.0309;1478.0448;NIL;228.6247
2019-10-21;Whole Network;100%;8320.0374;1415.5402;NIL;209.8286
2019-10-22;Whole Network;100%;8668.1734;1471.1695;NIL;227.9139
2019-10-23;Whole Network;100%;8613.1834;1438.554;NIL;225.5519
2019-10-24;Whole Network;100%;8672.7916;1444.1904;NIL;228.2693
2019-10-25;Whole Network;100%;8799.3824;1445.4634;NIL;232.1352
2019-10-26;Whole Network;100%;9084.4319;1573.7546;NIL;233.2349
2019-10-27;Whole Network;100%;9064.0464;1594.5449;NIL;232.4874
2019-10-28;Whole Network;99%;8321.2062;1397.0922;NIL;207.3394
2019-10-29;Whole Network;99%;8831.2977;1446.6778;NIL;236.137
2019-10-30;Whole Network;100%;9108.8913;1466.4273;NIL;247.2061
2019-10-31;Whole Network;100%;9054.9321;1487.228;NIL;250.6663
2019-11-01;Whole Network;100%;9095.0576;1492.9367;NIL;241.172
2019-11-02;Whole Network;100%;9297.866;1512.5698;NIL;242.7024
2019-11-03;Whole Network;99%;9064.8381;1523.2176;NIL;224.6447
2019-11-04;Whole Network;99%;7803.7467;1316.0761;NIL;174.4601
2019-11-05;Whole Network;99%;7998.0324;1325.7122;NIL;181.3948
2019-11-06;Whole Network;99%;8504.8321;1430.5283;NIL;212.8508
2019-11-07;Whole Network;100%;9065.4488;1552.4744;NIL;231.8238
2019-11-08;Whole Network;100%;9152.5753;1447.3707;NIL;228.5861
2019-11-09;Whole Network;100%;9361.9956;1570.8232;NIL;236.2668
2019-11-10;Whole Network;100%;9633.3211;1620.8242;NIL;255.38
2019-11-11;Whole Network;100%;8732.8959;1520.8927;NIL;216.1649
2019-11-12;Whole Network;100%;9054.5219;1523.8469;NIL;229.7098
2019-11-13;Whole Network;100%;9211.9044;1536.3114;NIL;239.635
2019-11-14;Whole Network;100%;9102.9719;1533.4693;NIL;233.7038
2019-11-15;Whole Network;100%;9545.6092;1583.0512;NIL;251.0523
2019-11-16;Whole Network;100%;9849.5128;1645.9184;NIL;253.6272
2019-11-17;Whole Network;100%;9766.6676;1721.5381;NIL;258.2661
2019-11-18;Whole Network;100%;9241.1525;1598.0657;NIL;239.9005
2019-11-19;Whole Network;100%;9120.3812;1560.9825;NIL;236.3167
2019-11-20;Whole Network;100%;9624.6726;1581.6265;NIL;261.5807
2019-11-21;Whole Network;99%;9712.9857;1606.4645;NIL;248.6881
2019-11-22;Whole Network;100%;9941.1622;1694.2717;NIL;268.5848
2019-11-23;Whole Network;100%;10155.7665;1763.261;NIL;279.3782
2019-11-24;Whole Network;100%;10396.4792;1771.4369;664.5719;299.4891
2019-11-25;Whole Network;100%;9732.3253;1619.4352;423.6344;264.5821
2019-11-26;Whole Network;100%;10043.0676;1689.8811;452.8022;289.8553
2019-11-27;Whole Network;100%;10246.9306;1730.1769;462.5985;295.7836
2019-11-28;Whole Network;100%;10124.8152;1726.6473;459.1994;292.5055
2019-11-29;Whole Network;100%;10006.774;1687.6676;451.6937;287.0887
2019-11-30;Whole Network;100%;10351.6544;1781.5636;463.7642;296.0961
2019-12-01;Whole Network;100%;10607.4007;1877.7283;496.7481;318.6023
2019-12-02;Whole Network;100%;9978.0842;1778.9728;460.7716;292.4853
2019-12-03;Whole Network;100%;10394.6183;1785.108;474.6068;301.9118
2019-12-04;Whole Network;100%;10422.7071;1770.8199;483.8579;309.7739
2019-12-05;Whole Network;100%;10626.3552;1829.6043;509.9905;330.5202
2019-12-06;Whole Network;100%;10568.9545;1853.9349;506.9582;324.9284
2019-12-07;Whole Network;100%;10609.8805;1922.1345;522.8067;340.452
2019-12-08;Whole Network;100%;11392.1966;2100.1097;593.0495;397.9888
2019-12-09;Whole Network;100%;10827.919;1927.805;518.7582;331.8967
2019-12-10;Whole Network;100%;11088.8638;1986.2548;537.6607;344.2776
2019-12-11;Whole Network;100%;11497.9381;2000.9904;566.3555;368.7154
2019-12-12;Whole Network;100%;11106.577;1893.0944;553.1469;365.1979
2019-12-13;Whole Network;100%;11699.7391;1973.3676;574.3303;376.8551
2019-12-14;Whole Network;100%;12132.2339;2143.1725;611.4054;404.6829
2019-12-15;Whole Network;100%;11974.2639;2190.2922;633.2252;417.2641
2019-12-16;Whole Network;100%;12635.5645;2239.8764;689.9928;482.3403
2019-12-17;Whole Network;99%;11757.0421;2057.5602;577.8755;383.8808
2019-12-18;Whole Network;100%;11874.0814;2036.4057;594.6511;401.0871
2019-12-19;Whole Network;100%;12106.3941;2049.7953;608.6318;411.5073
2019-12-20;Whole Network;100%;12301.5475;2163.4374;624.1684;423.0789
2019-12-21;Whole Network;100%;12240.5967;2231.2095;618.0975;416.7069
2019-12-22;Whole Network;100%;12205.5001;2257.0639;641.3988;440.0932
2019-12-23;Whole Network;100%;11877.6986;2163.1953;596.6044;397.0629
2019-12-24;Whole Network;100%;11756.7372;2187.075;587.8412;388.6566
2019-12-25;Whole Network;100%;12469.3783;2447.3021;654.029;443.5361
2019-12-26;Whole Network;100%;12301.6231;2365.2191;637.8102;428.9113
2019-12-27;Whole Network;100%;11950.6504;2308.073;588.274;383.8349
2019-12-28;Whole Network;100%;12194.5295;2445.3573;618.5386;405.5182
2019-12-29;Whole Network;100%;11868.5934;2417.4136;607.3498;397.5698
2019-12-30;Whole Network;100%;11444.0556;2273.8085;557.2412;353.9222
2019-12-31;Whole Network;100%;11138.703;2234.393;538.7243;337.0574
2020-01-01;Whole Network;100%;11843.306;2540.0974;592.3652;375.5668
2020-01-02;Whole Network;100%;11182.0388;2257.109;529.7674;329.2631
2020-01-03;Whole Network;100%;11359.6303;2220.3413;534.5553;336.9875
2020-01-04;Whole Network;100%;11279.7171;2201.3657;531.866;335.7217
2020-01-05;Whole Network;100%;11381.9767;2294.384;546.6592;344.8662
2020-01-06;Whole Network;100%;11820.0908;2342.5344;577.4008;375.6532
2020-01-07;Whole Network;100%;12137.1684;2276.556;610.9207;408.613
2020-01-08;Whole Network;100%;12220.1362;2321.3004;607.4981;403.1778
2020-01-09;Whole Network;99%;12304.4332;2357.4801;618.4707;410.4785
2020-01-10;Whole Network;100%;12345.4717;2378.3217;620.726;412.2022
2020-01-11;Whole Network;100%;12619.0877;2534.642;642.7447;430.4155
2020-01-12;Whole Network;100%;12814.8037;2646.5117;689.1748;465.3806
2020-01-13;Whole Network;99%;11823.3891;2322.0467;585.9772;383.0721
2020-01-14;Whole Network;100%;12199.1837;2257.032;618.8278;413.2163
2020-01-15;Whole Network;100%;12494.9919;2292.9861;626.5716;420.4874
2020-01-16;Whole Network;100%;12642.1512;2311.7797;638.7614;430.3982
2020-01-17;Whole Network;100%;12718.6511;2306.3497;631.394;425.2478
2020-01-18;Whole Network;100%;13027.7055;2371.5582;666.766;455.1464
2020-01-19;Whole Network;100%;13061.0286;2495.0531;694.9783;480.4605
2020-01-20;Whole Network;100%;12269.2957;2215.7479;601.2052;400.3161
2020-01-21;Whole Network;100%;12133.2299;2210.8668;606.6851;406.8107
2020-01-22;Whole Network;100%;12387.62;2198.6305;617.0809;414.376
2020-01-23;Whole Network;100%;12335.9965;2130.3076;615.7797;414.2078
2020-01-24;Whole Network;100%;12483.6881;2169.2659;600.5425;400.2967
2020-01-25;Whole Network;100%;12718.8064;2221.5862;635.7074;430.8592
2020-01-26;Whole Network;100%;13729.1535;2407.8975;789.5667;574.1919
2020-01-27;Whole Network;98%;11971.3508;2114.4876;581.4048;383.9746
2020-01-28;Whole Network;99%;12264.6854;2121.073;586.6156;383.5769
2020-01-29;Whole Network;100%;12153.124;2014.0144;593.7615;394.8549
2020-01-30;Whole Network;99%;11681.2325;1985.7902;573.6122;376.5873
2020-01-31;Whole Network;100%;11611.8992;1994.8094;545.956;351.5869
2020-02-01;Whole Network;100%;11349.4444;1998.8533;526.2883;330.7175
2020-02-02;Whole Network;100%;11254.1921;2070.4856;538.0872;339.752
2020-02-03;Whole Network;100%;10462.3277;1853.1062;473.4792;289.0264
2020-02-04;Whole Network;100%;10715.605;1874.2611;492.5208;305.6263
2020-02-05;Whole Network;100%;10518.0471;1793.6037;477.9453;294.8628
2020-02-06;Whole Network;100%;10546.5479;1765.4321;465.2942;285.453
2020-02-07;Whole Network;100%;10535.7465;1774.0393;461.976;281.9903
2020-02-08;Whole Network;100%;10348.2088;1859.6208;437.5513;261.9215
2020-02-09;Whole Network;100%;10390.9413;1893.2797;443.0146;265.3847
2020-02-10;Whole Network;100%;9366.6534;1688.3299;393.4047;226.5108
2020-02-11;Whole Network;100%;9577.108;1675.651;404.0689;238.1536
2020-02-12;Whole Network;100%;9494.298;1629.4229;398.2709;232.6955
2020-02-13;Whole Network;100%;8677.0979;1532.9507;357.4828;203.4522
2020-02-14;Whole Network;100%;9327.0269;1600.3415;383.1318;222.3639
2020-02-15;Whole Network;100%;9862.0033;1695.5613;406.85;236.8134
2020-02-16;Whole Network;100%;10002.1717;1773.3765;425.4444;253.6804
2020-02-17;Whole Network;100%;8928.9146;1531.6422;348.7032;194.3008
2020-02-18;Whole Network;100%;10187.1978;1700.2162;427.334;258.0473
2020-02-19;Whole Network;100%;9536.727;1577.5399;383.9569;225.2116
2020-02-20;Whole Network;100%;9201.3789;1524.4051;367.7025;211.4026
2020-02-21;Whole Network;100%;9221.1367;1490.9265;362.3492;206.3168
2020-02-22;Whole Network;100%;9759.5796;1608.525;393.693;227.3757
2020-02-23;Whole Network;100%;9707.8551;1627.651;389.3444;223.2694
2020-02-24;Whole Network;100%;8516.8054;1453.0537;335.6256;181.2897
2020-02-25;Whole Network;100%;8489.1327;1417.4871;329.0645;177.5766
2020-02-26;Whole Network;100%;8476.919;1391.0132;326.835;177.2356
2020-02-27;Whole Network;99%;8582.7309;1456.5934;344.2166;187.3732
2020-02-28;Whole Network;100%;8433.8357;1476.5237;338.4891;184.7003
2020-02-29;Whole Network;100%;8756.7226;1593.4831;356.3634;192.8217
2020-03-01;Whole Network;100%;8932.0191;1559.0193;362.1413;199.4893
2020-03-02;Whole Network;100%;8225.6407;1458.1623;326.2934;172.5444
2020-03-03;Whole Network;100%;8262.8767;1372.7702;324.7964;173.4699
2020-03-04;Whole Network;100%;8769.9513;1493.9068;350.8035;192.7448
2020-03-05;Whole Network;100%;8703.2789;1511.5246;348.6434;190.4046
2020-03-06;Whole Network;100%;8662.2082;1485.5676;336.1121;180.8234
2020-03-07;Whole Network;99%;8858.8941;1592.8499;348.0945;187.2083
2020-03-08;Whole Network;100%;9053.5603;1588.1787;358.0908;195.6712
2020-03-09;Whole Network;100%;8292.0124;1472.5929;329.4184;174.0311
2020-03-10;Whole Network;100%;8210.9689;1409.176;327.7616;174.4163
2020-03-11;Whole Network;100%;8555.0021;1432.9131;330.3066;175.5514
2020-03-12;Whole Network;100%;8342.6549;1437.9059;319.6655;165.362
2020-03-13;Whole Network;100%;8413.6605;1442.2681;327.6388;172.9137
2020-03-14;Whole Network;100%;8610.2945;1472.988;327.1766;171.1806
2020-03-15;Whole Network;100%;8865.9239;1582.4446;349.2348;184.3952
2020-03-16;Whole Network;100%;8297.405;1519.7614;327.9152;170.1811
2020-03-17;Whole Network;100%;8352.8947;1507.3719;338.9804;177.8648
2020-03-18;Whole Network;100%;8929.6946;1552.0497;372.4545;200.6266
2020-03-19;Whole Network;100%;9119.9281;1610.4832;376.9759;209.0421
2020-03-20;Whole Network;100%;9306.2944;1602.1007;390.6394;221.1199
2020-03-21;Whole Network;100%;9613.6469;1644.2317;400.6268;229.1217
2020-03-22;Whole Network;100%;9726.6257;1656.544;417.0432;241.2834
2020-03-23;Whole Network;100%;9372.2559;1568.2316;395.4912;226.7279
2020-03-24;Whole Network;100%;9672.9762;1644.8812;423.8718;251.3644
2020-03-25;Whole Network;100%;9556.3126;1623.3398;419.9022;246.5787
2020-03-26;Whole Network;100%;10019.1198;1712.4957;444.5025;267.4749
2020-03-27;Whole Network;100%;10194.8381;1801.0181;454.1603;275.2237
2020-03-28;Whole Network;100%;10441.351;1800.911;467.3766;280.263
2020-03-29;Whole Network;100%;10143.9704;1802.7018;474.1552;283.7305
2020-03-30;Whole Network;100%;9947.4219;1766.7333;451.3818;265.6778
2020-03-31;Whole Network;100%;10096.8428;1765.9575;453.1532;269.0823
2020-04-01;Whole Network;99%;9993.8127;1704.6205;433.0663;252.6623
2020-04-02;Whole Network;100%;10390.3833;1801.1571;464.6094;277.4884
2020-04-03;Whole Network;100%;10794.6601;1896.5165;486.821;299.779
2020-04-04;Whole Network;100%;10478.1578;1860.6103;461.0388;276.8252
2020-04-05;Whole Network;100%;10365.4041;1857.8784;466.9766;280.0704
2020-04-06;Whole Network;100%;9821.9233;1793.3426;433.5324;252.9336
2020-04-07;Whole Network;100%;9966.4736;1751.0775;434.5545;253.0269
2020-04-08;Whole Network;100%;9945.2063;1706.4758;435.9579;256.5958
2020-04-09;Whole Network;100%;10009.8424;1765.3684;437.3396;253.7022
2020-04-10;Whole Network;100%;10092.8643;1792.7368;448.5921;262.6988
2020-04-11;Whole Network;100%;9926.9803;1706.0911;430.0879;248.5811
2020-04-12;Whole Network;100%;10043.9235;1777.1403;446.2316;260.9041
2020-04-13;Whole Network;100%;9576.5735;1708.9259;420.7124;240.5527
2020-04-14;Whole Network;100%;9457.6133;1653.2386;403.2105;227.2334
2020-04-15;Whole Network;100%;9443.8913;1702.4482;406.361;230.5081
2020-04-16;Whole Network;98%;9396.9458;1643.0458;398.6657;222.8667
2020-04-17;Whole Network;100%;9619.2979;1682.8443;414.3665;236.2523
2020-04-18;Whole Network;100%;9781.8849;1730.4608;416.2795;237.9187
2020-04-19;Whole Network;100%;9821.5344;1711.9211;418.3339;238.6789
2020-04-20;Whole Network;100%;9367.2254;1631.95;391.2665;215.6582
2020-04-21;Whole Network;100%;9493.9738;1702.3533;402.856;225.7567
2020-04-22;Whole Network;99%;9414.1905;1701.9606;394.3941;217.1122
2020-04-23;Whole Network;100%;9132.9213;1675.8399;373.0051;199.914
2020-04-24;Whole Network;100%;8937.5503;1630.1903;363.3816;196.1379
2020-04-25;Whole Network;100%;9350.4902;1565.152;380.1438;213.1567
2020-04-26;Whole Network;100%;9708.3065;1551.5727;398.6887;229.5979
2020-04-27;Whole Network;95%;9308.0185;1564.7536;372.7836;205.6986
2020-04-28;Whole Network;100%;9157.1962;1469.0263;355.02;193.0833
2020-04-29;Whole Network;100%;9378.6728;1583.6355;373.2766;204.7635
2020-04-30;Whole Network;96%;9178.9534;1475.0907;368.2073;202.9608
2020-05-01;Whole Network;100%;9730.1831;1642.9802;387.7576;212.9387
2020-05-02;Whole Network;100%;9674.9084;1634.1953;392.7936;216.5577
2020-05-03;Whole Network;100%;9877.4086;1658.5944;405.8221;223.5155
2020-05-04;Whole Network;100%;9379.8215;1599.6316;378.4806;202.1452
2020-05-05;Whole Network;100%;9789.7253;1676.7945;397.7303;213.8821
2020-05-06;Whole Network;100%;9433.1692;1545.7707;382.4656;206.4739
2020-05-07;Whole Network;100%;10126.7215;1752.1469;413.6742;229.0529
2020-05-08;Whole Network;100%;10179.5525;1689.447;413.5101;228.9603
2020-05-09;Whole Network;100%;10196.9941;1693.1865;409.7467;226.044
2020-05-10;Whole Network;100%;10367.9994;1676.0784;415.6347;229.2552
2020-05-11;Whole Network;100%;9861.7624;1672.5452;389.1329;209.2686
2020-05-12;Whole Network;100%;10088.744;1688.1723;397.4855;214.7639
2020-05-13;Whole Network;99%;10101.741;1655.5245;395.4044;211.3106
2020-05-14;Whole Network;100%;10108.8792;1644.7027;393.6886;210.8642
2020-05-15;Whole Network;100%;10093.672;1679.4353;396.5294;211.5272
2020-05-16;Whole Network;100%;9961.1049;1593.5829;384.0307;202.815
2020-05-17;Whole Network;100%;9929.9063;1550.725;386.0036;204.7436
2020-05-18;Whole Network;100%;9507.5302;1603.702;377.8515;199.0339
2020-05-19;Whole Network;100%;9231.2306;1535.3085;363.6578;190.9324
2020-05-20;Whole Network;100%;9668.6459;1560.3007;374.1434;194.775
2020-05-21;Whole Network;100%;9394.1349;1528.5259;358.5712;185.4755
2020-05-22;Whole Network;100%;9135.524;1471.2848;345.4453;175.8582
2020-05-23;Whole Network;100%;9711.1204;1686.7944;379.5932;190.8699
2020-05-24;Whole Network;100%;9338.9565;1887.9818;380.454;186.47
2020-05-25;Whole Network;100%;9478.9769;1753.7467;379.7301;190.3902
2020-05-26;Whole Network;100%;9443.7093;1677.6123;373.4002;189.975
2020-05-27;Whole Network;100%;9518.2451;1685.0552;382.2463;197.0097
2020-05-28;Whole Network;100%;9801.8801;1670.7104;396.9971;207.5824
2020-05-29;Whole Network;100%;9779.0895;1588.5798;398.5617;211.8714
2020-05-30;Whole Network;100%;9954.7168;1642.4662;408.8572;220.0724
2020-05-31;Whole Network;100%;9982.4124;1622.4291;411.2364;221.3384
2020-06-01;Whole Network;100%;9573.9349;1582.2579;392.3653;208.4558
2020-06-02;Whole Network;100%;9804.7099;1614.2838;393.1638;205.6623
2020-06-03;Whole Network;100%;9949.1075;1634.968;410.653;221.7512
2020-06-04;Whole Network;100%;10158.5343;1727.1175;421.6605;226.2495
2020-06-05;Whole Network;100%;10037.643;1705.4048;417.1302;224.6912
2020-06-06;Whole Network;100%;10095.3105;1716.7065;415.7324;223.7068
2020-06-07;Whole Network;100%;10309.3549;1754.8402;424.7641;228.0826
2020-06-08;Whole Network;100%;9688.3126;1667.7622;396.7287;208.0034
2020-06-09;Whole Network;100%;9800.4545;1620.03;405.996;216.4648
2020-06-10;Whole Network;100%;9841.6876;1619.6591;401.9204;211.2025
2020-06-11;Whole Network;100%;9749.5268;1624.2308;391.727;205.1483
2020-06-12;Whole Network;100%;10009.058;1623.6919;401.287;213.4764
2020-06-13;Whole Network;100%;9529.2512;1562.6856;385.6391;201.9313
2020-06-14;Whole Network;100%;10069.4554;1697.714;412.3744;218.8181
2020-06-15;Whole Network;100%;9123.9381;1596.1459;372.6129;193.2425
2020-06-16;Whole Network;100%;9810.3042;1750.4473;408.3912;216.1663
2020-06-17;Whole Network;100%;9890.792;1651.2761;401.2976;209.9143
2020-06-18;Whole Network;100%;10071.6506;1712.6895;407.8675;216.5028
2020-06-19;Whole Network;100%;10052.0794;1638.3905;398.0668;208.5131
2020-06-20;Whole Network;100%;9776.5645;1644.0301;385.9766;202.1492
2020-06-21;Whole Network;100%;9982.7625;1658.7002;401.5143;211.9495
2020-06-22;Whole Network;100%;9773.058;1619.4751;391.2553;205.8362
2020-06-23;Whole Network;100%;9909.7597;1645.9738;396.121;209.1547
2020-06-24;Whole Network;100%;9783.6029;1594.6912;388.7896;203.2212
2020-06-25;Whole Network;100%;9881.6466;1581.7321;384.5519;202.2024
2020-06-26;Whole Network;100%;9941.2761;1618.6804;388.5758;202.9145
2020-06-27;Whole Network;100%;9958.3052;1640.0702;393.1037;199.7735
2020-06-28;Whole Network;100%;9908.0794;1693.4256;400.0982;202.1853
2020-06-29;Whole Network;100%;9134.0623;1667.4734;369.2315;182.3647
2020-06-30;Whole Network;100%;9539.1281;1637.3156;381.2115;191.7968
2020-07-01;Whole Network;100%;9623.0192;1638.7169;381.0078;188.7519
2020-07-02;Whole Network;100%;9676.9375;1592.8335;389.5239;198.8828
2020-07-03;Whole Network;99%;9608.1821;1578.2083;384.0601;194.5482
2020-07-04;Whole Network;100%;9667.4028;1624.5425;380.1039;192.6678
2020-07-05;Whole Network;100%;10130.6598;1723.7299;414.3207;216.3898
2020-07-06;Whole Network;100%;9851.1979;1654.9007;394.297;200.7207
2020-07-07;Whole Network;99%;9798.9085;1605.1225;389.6673;198.2633
2020-07-08;Whole Network;100%;9622.3055;1576.5482;379.0217;190.901
2020-07-09;Whole Network;99%;9603.6707;1608.1527;380.7416;191.4989
2020-07-10;Whole Network;98%;9761.2541;1617.4704;377.5542;189.0687
2020-07-11;Whole Network;100%;10123.3916;1615.4648;405.3611;207.3563
2020-07-12;Whole Network;100%;10464.8399;1681.6556;432.6146;226.4241
2020-07-13;Whole Network;100%;9196.744;1547.5339;354.6212;170.9231
2020-07-14;Whole Network;100%;9436.9464;1549.4304;375.0306;184.102
2020-07-15;Whole Network;100%;9691.3946;1614.3301;383.018;188.0153
2020-07-16;Whole Network;99%;9854.8241;1609.2353;400.7577;200.0094
2020-07-17;Whole Network;99%;9726.1867;1572.2292;394.5406;195.0465
2020-07-18;Whole Network;99%;9924.2184;1585.0376;423.4955;210.9762
2020-07-19;Whole Network;100%;10250.9795;1655.966;424.3651;210.95
2020-07-20;Whole Network;100%;8993.0305;1445.7;361.2252;170.4035
2020-07-21;Whole Network;99%;9100.7486;1461.01;372.9774;176.6697
2020-07-22;Whole Network;100%;9979.8021;1585.2881;409.8198;202.7922
2020-07-23;Whole Network;100%;9741.5272;1593.6893;405.8201;199.782
2020-07-24;Whole Network;100%;10095.4841;1558.5401;403.7499;200.0761
2020-07-25;Whole Network;100%;10308.706;1636.2314;427.0665;216.1834
2020-07-26;Whole Network;100%;10276.9032;1666.8666;415.7602;205.1947
2020-07-27;Whole Network;100%;9171.9088;1465.4572;364.4014;171.8895
2020-07-28;Whole Network;100%;9235.9859;1442.8058;364.7056;173.8123
2020-07-29;Whole Network;100%;8585.0338;1404.7393;331.8881;152.3832
2020-07-30;Whole Network;99%;8943.8204;1380.7274;333.796;155.2749
2020-07-31;Whole Network;100%;8966.2889;1608.6173;350.9603;161.4166
2020-08-01;Whole Network;100%;9771.4879;1717.5005;372.314;181.895
2020-08-02;Whole Network;100%;10064.3198;1651.5731;386.6628;191.744
2020-08-03;Whole Network;100%;9397.504;1491.6477;354.4899;173.8521
2020-08-04;Whole Network;99%;10093.7082;1630.5815;389.615;197.1869
2020-08-05;Whole Network;100%;10419.7921;1620.6538;395.4589;202.9891
2020-08-06;Whole Network;99%;10852.7161;1693.7849;426.5687;223.9632
2020-08-07;Whole Network;99%;11145.5503;1712.4475;438.5316;233.2695
2020-08-08;Whole Network;99%;10940.9617;1641.2447;430.6708;228.2987
2020-08-09;Whole Network;100%;10958.6543;1748.8964;469.7997;255.9317
2020-08-10;Whole Network;99%;11049.5289;1730.9833;455.0833;243.7031
2020-08-11;Whole Network;100%;10686.927;1703.7911;435.1776;229.8495
2020-08-12;Whole Network;98%;11206.0014;1754.1241;449.7191;238.9078
2020-08-13;Whole Network;100%;11145.4032;1738.486;453.9572;243.9754
2020-08-14;Whole Network;100%;11681.1955;1818.8987;484.6706;266.7277
2020-08-15;Whole Network;100%;11232.2724;1732.2711;458.3581;251.3557
2020-08-16;Whole Network;100%;11481.7589;1797.8489;476.9492;258.2384
2020-08-17;Whole Network;100%;10426.6295;1626.2765;411.048;210.2028
2020-08-18;Whole Network;100%;10833.8794;1710.4714;427.9824;224.6623
2020-08-19;Whole Network;99%;11023.2703;1681.6814;424.1185;221.7993
2020-08-20;Whole Network;100%;11369.9212;1704.5503;445.1431;236.6617
2020-08-21;Whole Network;100%;11587.494;1817.3001;466.7787;250.5482
2020-08-22;Whole Network;100%;10838.6572;1812.0031;434.5474;223.085
2020-08-23;Whole Network;100%;11648.7853;1884.0237;465.9471;244.4714
2020-08-24;Whole Network;100%;10561.4244;1775.0726;410.5091;206.2628
2020-08-25;Whole Network;97%;9674.1453;1616.1168;380.9971;187.034
2020-08-26;Whole Network;100%;11148.9741;1853.2743;454.3643;230.7327
2020-08-27;Whole Network;100%;11032.7513;1787.9604;444.1526;230.2067
2020-08-28;Whole Network;100%;10952.215;1764.0477;423.8984;217.7769
2020-08-29;Whole Network;100%;11684.7926;1824.9883;457.0419;239.6764
2020-08-30;Whole Network;100%;11629.704;1760.6496;450.0918;229.9917
2020-08-31;Whole Network;100%;10408.0548;1676.9841;416.0714;216.2314
2020-09-01;Whole Network;100%;10413.485;1630.3391;419.7627;224.2544
2020-09-02;Whole Network;99%;10266.2781;1669.7312;421.8978;222.4661
2020-09-03;Whole Network;100%;10737.3708;1728.694;438.5007;230.8316
2020-09-04;Whole Network;100%;11054.9628;1766.6458;469.2413;254.0874
2020-09-05;Whole Network;98%;11921.4809;1885.3794;537.2181;303.3379
2020-09-06;Whole Network;100%;11398.128;1809.8355;486.9389;261.2252
2020-09-07;Whole Network;100%;10580.0426;1755.6577;448.6158;234.2044
2020-09-08;Whole Network;100%;10396.9847;1748.0651;434.5903;222.4961
2020-09-09;Whole Network;100%;10584.3668;1724.4333;437.0253;227.0144
2020-09-10;Whole Network;100%;10418.3671;1654.2144;415.4845;216.3345
2020-09-11;Whole Network;100%;10385.8095;1742.3892;437.0725;230.1722
2020-09-12;Whole Network;98%;11314.2964;1786.5584;476.265;252.2933
2020-09-13;Whole Network;100%;11437.7661;1818.1443;472.9809;247.5228
2020-09-14;Whole Network;100%;10509.6993;1810.6695;439.5552;227.0433
2020-09-15;Whole Network;100%;10550.9094;1784.7442;439.7181;225.6067
2020-09-16;Whole Network;100%;10945.905;1825.332;458.1143;239.7702
2020-09-17;Whole Network;100%;11425.6979;1929.0774;474.3006;248.0305
2020-09-18;Whole Network;100%;11260.1602;1948.8422;462.4022;241.7776
2020-09-19;Whole Network;100%;11013.957;1781.2311;443.0854;230.7556
2020-09-20;Whole Network;100%;11469.594;1853.1574;457.4519;238.0225
2020-09-21;Whole Network;100%;10453.1782;1842.076;439.8696;223.3779
2020-09-22;Whole Network;100%;10800.799;1801.1006;449.3785;230.6159
2020-09-23;Whole Network;100%;10792.2357;1809.3093;445.4198;227.3464
2020-09-24;Whole Network;100%;10495.3172;1734.525;435.0073;223.7439
2020-09-25;Whole Network;100%;10306.7884;1698.421;411.0543;205.1942
2020-09-26;Whole Network;100%;10897.3355;1736.3462;440.4461;225.1636
2020-09-27;Whole Network;100%;11282.0142;1841.9786;449.9946;231.2763
2020-09-28;Whole Network;100%;10259.5159;1755.8105;422.9387;212.198
2020-09-29;Whole Network;100%;10688.4269;1797.1043;432.3891;220.2818
2020-09-30;Whole Network;100%;10645.0106;1825.4574;446.6825;230.3502
2020-10-01;Whole Network;100%;10346.8085;1795.5101;427.0613;219.3584
2020-10-02;Whole Network;100%;10902.3144;1800.2925;437.7844;224.4223
2020-10-03;Whole Network;100%;10985.4091;1806.5575;430.7076;221.9076
2020-10-04;Whole Network;100%;10855.4304;1821.4709;436.1774;222.3337
2020-10-05;Whole Network;100%;10856.026;1850.3044;443.664;226.5292
2020-10-06;Whole Network;96%;10877.8016;1845.2558;438.319;226.3446
2020-10-07;Whole Network;97%;9969.7481;1681.9458;387.4316;193.5613
2020-10-08;Whole Network;100%;10384.6704;1746.4277;426.033;215.3149
2020-10-09;Whole Network;100%;11063.1104;1869.4063;445.8727;228.8657
2020-10-10;Whole Network;100%;11118.967;1816.0844;438.9389;223.442
2020-10-11;Whole Network;100%;11219.7863;1796.9283;436.7851;224.4405
2020-10-12;Whole Network;99%;10642.0789;1821.1395;439.6948;228.8344
2020-10-13;Whole Network;99%;10264.1666;1685.6519;427.5353;220.578
2020-10-14;Whole Network;99%;10772.468;1803.7061;446.2433;231.9613
2020-10-15;Whole Network;99%;10357.7756;1746.418;426.5379;220.1209
2020-10-16;Whole Network;100%;10497.2567;1733.7546;426.1223;222.8834
2020-10-17;Whole Network;97%;10965.8436;1723.5506;431.1955;223.5066
2020-10-18;Whole Network;100%;11133.4233;1788.1096;434.3103;222.2682
2020-10-19;Whole Network;100%;10601.8108;1717.1985;418.8484;213.061
2020-10-20;Whole Network;100%;10874.6821;1778.8894;429.0161;219.9512
2020-10-21;Whole Network;100%;10990.1591;1724.8842;424.3712;219.0169
2020-10-22;Whole Network;100%;10813.074;1741.504;417.4825;212.5385
2020-10-23;Whole Network;100%;11091.377;1790.2502;423.537;218.1898
2020-10-24;Whole Network;100%;11141.3818;1789.2048;425.2371;217.8328
2020-10-25;Whole Network;100%;11047.8937;1804.6774;420.6955;211.8279
2020-10-26;Whole Network;100%;10132.9352;1722.1679;394.4665;198.2317
2020-10-27;Whole Network;100%;10107.9637;1679.6689;389.0072;197.0644
2020-10-28;Whole Network;100%;10314.095;1659.1964;391.9087;199.6376
2020-10-29;Whole Network;100%;11175.7523;1760.4394;415.5515;214.0116
2020-10-30;Whole Network;100%;10668.9221;1688.9974;401.337;205.2873
2020-10-31;Whole Network;100%;10925.3514;1765.8947;413.387;213.3789
2020-11-01;Whole Network;100%;10783.1978;1820.9932;415.1121;211.3062
2020-11-02;Whole Network;100%;10003.4377;1676.3767;387.3766;194.533
2020-11-03;Whole Network;100%;10268.9944;1649.266;392.9712;202.6623
2020-11-04;Whole Network;100%;10844.3385;1758.0141;417.7271;218.0504
2020-11-05;Whole Network;99%;10763.9994;1737.4429;405.7795;211.7004
2020-11-06;Whole Network;100%;11146.8875;1841.8536;423.1703;221.0162
2020-11-07;Whole Network;100%;11274.9221;1776.9605;422.1354;220.6565
2020-11-08;Whole Network;100%;11083.3188;1799.8082;422.4466;215.622
2020-11-09;Whole Network;99%;9507.3219;1593.3895;358.6716;178.4242
2020-11-10;Whole Network;100%;10293.3911;1729.2062;395.9205;201.0831
2020-11-11;Whole Network;100%;10662.506;1791.3232;417.2537;213.6492
2020-11-12;Whole Network;100%;10765.5107;1749.0515;416.9657;216.1774
2020-11-13;Whole Network;100%;10751.5253;1846.0942;418.1201;215.7591
2020-11-14;Whole Network;100%;11136.7846;1918.909;427.9564;220.5381
2020-11-15;Whole Network;100%;11121.0321;1851.5441;427.4643;219.8232
2020-11-16;Whole Network;100%;10460.2439;1728.9419;408.1264;209.6605
2020-11-17;Whole Network;100%;10640.4098;1791.8831;417.2349;214.8269
2020-11-18;Whole Network;100%;10719.3003;1803.3808;425.0625;218.5944
2020-11-19;Whole Network;100%;10848.2154;1817.99;426.1322;219.6399
2020-11-20;Whole Network;100%;11120.3596;1853.869;433.9942;226.5786
2020-11-21;Whole Network;100%;11350.4826;1948.0744;440.4213;225.3815
2020-11-22;Whole Network;100%;11741.1725;1993.5855;455.4174;234.2773
2020-11-23;Whole Network;100%;10692.4482;1812.8506;421.9922;216.0339
2020-11-24;Whole Network;100%;10769.7841;1872.9016;430.2064;220.4438
2020-11-25;Whole Network;100%;10960.3482;1872.7188;432.434;223.891
2020-11-26;Whole Network;100%;10714.7857;1877.4151;419.3062;215.6412
2020-11-27;Whole Network;99%;10924.6127;1924.2085;427.199;219.2046
2020-11-28;Whole Network;100%;11168.2857;1958.7453;425.9001;218.248
2020-11-29;Whole Network;99%;11729.7394;2007.4417;452.074;233.3166
2020-11-30;Whole Network;99%;10023.9541;1789.7481;401.5899;201.2773
2020-12-01;Whole Network;100%;10589.8063;1821.4696;418.8729;210.1711
2020-12-02;Whole Network;99%;10573.674;1802.8986;419.4993;212.217
2020-12-03;Whole Network;96%;10613.8748;1850.3665;421.6489;211.4245
2020-12-04;Whole Network;100%;10852.1908;1904.3605;432.7985;217.0909
2020-12-05;Whole Network;100%;11407.3461;2010.6737;451.7506;230.6621
2020-12-06;Whole Network;100%;11280.3892;2037.2896;463.0822;234.743
2020-12-07;Whole Network;100%;10703.6082;1961.6895;434.1405;217.8232
2020-12-08;Whole Network;100%;11051.6246;1933.3561;449.9235;228.6159
2020-12-09;Whole Network;100%;11101.9718;1967.2555;451.1717;232.3401
2020-12-10;Whole Network;100%;9588.0607;1733.371;386.1118;191.4849
2020-12-11;Whole Network;100%;11259.6852;1977.5611;446.718;230.6171
2020-12-12;Whole Network;100%;11726.6896;2083.9252;467.2316;244.1401
2020-12-13;Whole Network;100%;11938.5116;2136.4907;476.0945;247.8049
2020-12-14;Whole Network;100%;11205.6738;2047.081;454.1601;235.7345
2020-12-15;Whole Network;100%;11908.8097;2083.789;482.8645;255.9547
2020-12-16;Whole Network;100%;11714.2234;2132.8765;482.0468;254.8558
2020-12-17;Whole Network;100%;12012.8779;2188.2718;479.8086;252.6464
2020-12-18;Whole Network;100%;11963.4578;2205.8625;474.2654;249.1713
2020-12-19;Whole Network;100%;12261.9336;2272.8573;483.1663;254.1784
2020-12-20;Whole Network;100%;12472.9121;2330.4397;500.2359;262.279
2020-12-21;Whole Network;98%;11700.0561;2207.3113;471.0829;248.2547
2020-12-22;Whole Network;100%;11862.2083;2190.0987;482.6466;253.1202
2020-12-23;Whole Network;100%;11945.5929;2224.5857;481.2639;255.2469
2020-12-24;Whole Network;100%;12048.4801;2276.1499;478.842;252.9376
2020-12-25;Whole Network;100%;12793.3051;2570.5509;514.5876;270.38
2020-12-26;Whole Network;100%;12064.509;2387.643;488.4245;254.0919
2020-12-27;Whole Network;100%;12392.8939;2457.8515;504.7001;261.2139
2020-12-28;Whole Network;100%;11521.3888;2321.0201;471.2121;241.9949
2020-12-29;Whole Network;100%;12020.9868;2325.7369;488.5748;254.3739
2020-12-30;Whole Network;100%;12165.6323;2345.8607;491.9151;256.3351
2020-12-31;Whole Network;100%;11898.0763;2426.1077;479.7099;244.2913
2021-01-01;Whole Network;100%;9636.2799;2133.9843;395.2984;195.4849
2021-01-02;Whole Network;100%;9967.944;2246.8579;462.1763;225.4169
2021-01-03;Whole Network;100%;11768.2714;2474.1788;490.4937;243.0369
2021-01-04;Whole Network;100%;11619.2266;2415.1625;483.0666;244.3476
2021-01-05;Whole Network;100%;11884.9343;2384.0647;493.4384;251.5622
2021-01-06;Whole Network;100%;11446.6739;2220.492;475.1172;241.8938
2021-01-07;Whole Network;100%;12151.6812;2318.163;490.385;252.161
2021-01-08;Whole Network;100%;12156.835;2401.4163;491.1236;252.1207
2021-01-09;Whole Network;100%;12533.7121;2500.9773;499.3017;260.4873
2021-01-10;Whole Network;100%;12847.8053;2632.5026;517.4404;266.0322
2021-01-11;Whole Network;100%;12223.194;2448.4311;492.3579;257.243
2021-01-12;Whole Network;100%;12537.1694;2404.5442;498.0109;262.7759
2021-01-13;Whole Network;100%;12581.6258;2409.3175;501.5095;264.6747
2021-01-14;Whole Network;99%;12329.9904;2315.0161;494.6715;262.3078
2021-01-15;Whole Network;100%;12951.6835;2420.2653;512.2276;273.8097
2021-01-16;Whole Network;100%;13280.5042;2526.7001;522.9903;277.0276
2021-01-17;Whole Network;100%;13584.28;2574.0983;533.6806;280.7261
2021-01-18;Whole Network;100%;12158.835;2395.8499;493.3842;255.3987
2021-01-19;Whole Network;100%;12625.5426;2434.3909;508.9348;266.7442
2021-01-20;Whole Network;100%;13065.3566;2475.1539;522.9422;278.6338
2021-01-21;Whole Network;100%;12843.5224;2438.6349;518.1517;275.2037
2021-01-22;Whole Network;100%;12482.3758;2376.1706;496.777;261.5756
2021-01-23;Whole Network;100%;12814.8076;2471.3942;512.3416;268.6386
2021-01-24;Whole Network;100%;13778.7503;2633.376;549.8711;291.5485
2021-01-25;Whole Network;100%;12603.2896;2438.1307;515.1272;273.7921
2021-01-26;Whole Network;100%;13059.5574;2449.4401;528.7998;280.6028
2021-01-27;Whole Network;100%;13080.6291;2401.6188;528.8584;284.9909
2021-01-28;Whole Network;98%;11830.3724;2229.6462;500.5888;264.9831
2021-01-29;Whole Network;100%;12760.5327;2450.7886;517.7535;273.5562
2021-01-30;Whole Network;100%;13314.3427;2581.5419;529.7899;280.7062
2021-01-31;Whole Network;100%;13542.4456;2548.9214;534.3287;281.0446
2021-02-01;Whole Network;100%;12033.623;2247.2643;482.1068;251.343
2021-02-02;Whole Network;100%;10018.0696;1968.2098;435.5535;224.9525
2021-02-03;Whole Network;100%;13219.7987;2453.2634;552.8282;292.7081
2021-02-04;Whole Network;100%;13114.2021;2448.9517;538.2533;286.5484
2021-02-05;Whole Network;100%;13201.3346;2479.4465;540.4856;287.3011
2021-02-06;Whole Network;100%;13373.884;2570.1674;541.2017;284.707
2021-02-07;Whole Network;100%;14189.4467;2729.8618;573.3787;298.8326
2021-02-08;Whole Network;100%;13089.6241;2500.8979;545.6416;289.0341
2021-02-09;Whole Network;100%;5789.0168;1300.1413;302.1152;153.7848
2021-02-10;Whole Network;98%;14149.1927;2720.3624;589.9662;315.4807
2021-02-11;Whole Network;100%;13993.6428;2634.4751;558.9213;297.8817
2021-02-12;Whole Network;97%;13488.9786;2590.8562;540.0806;285.0651
2021-02-13;Whole Network;94%;13022.0763;2571.3664;540.9007;279.8467
2021-02-14;Whole Network;100%;14766.9798;2926.1699;583.486;302.5113
2021-02-15;Whole Network;98%;13443.0514;2695.4982;531.9662;274.7129
2021-02-16;Whole Network;100%;13713.3705;2587.4366;542.6272;284.3146
2021-02-17;Whole Network;100%;14385.1487;2644.8943;566.8089;301.3177
2021-02-18;Whole Network;100%;15430.1065;2797.7766;603.8676;321.0655
2021-02-19;Whole Network;100%;14823.1984;2732.434;570.3737;302.8977
2021-02-20;Whole Network;100%;14936.7921;2846.216;576.2657;299.9175
2021-02-21;Whole Network;99%;15159.9624;2846.1796;595.7628;312.0474
2021-02-22;Whole Network;99%;13929.1064;2605.4214;544.47;283.9225
2021-02-23;Whole Network;100%;14285.3085;2625.0221;562.3903;295.5466
2021-02-24;Whole Network;98%;14398.1421;2606.2852;561.3129;294.8485
2021-02-25;Whole Network;100%;14818.819;2659.0308;565.985;301.0474
2021-02-26;Whole Network;100%;15495.64;2699.1094;575.1329;309.9895
2021-02-27;Whole Network;100%;15054.6194;2763.5795;564.3301;293.7771
2021-02-28;Whole Network;100%;15516.7618;2830.1615;589.6002;306.5571
2021-03-01;Whole Network;99%;14236.9171;2698.5543;560.2308;293.6483
2021-03-02;Whole Network;99%;14554.4855;2736.7492;568.4326;296.2202
2021-03-03;Whole Network;100%;15165.8156;2713.6398;591.4419;312.8695
2021-03-04;Whole Network;99%;15111.6566;2726.8586;601.5175;319.2149
2021-03-05;Whole Network;100%;15639.4689;2790.6816;607.2298;321.8062
2021-03-06;Whole Network;100%;15858.6036;2899.2032;605.4956;317.4337
2021-03-07;Whole Network;100%;16168.6256;3068.7595;618.3916;323.8622
2021-03-08;Whole Network;100%;15456.7979;2838.0856;605.642;325.6823
2021-03-09;Whole Network;100%;15392.0983;2764.8404;602.5815;324.9247
